{
    "name": "root",
    "gauges": {
        "MoveToGoal.Policy.Entropy.mean": {
            "value": 2.0957863330841064,
            "min": 2.083054780960083,
            "max": 2.1183528900146484,
            "count": 10
        },
        "MoveToGoal.Policy.Entropy.sum": {
            "value": 104772.546875,
            "min": 103782.1796875,
            "max": 107324.234375,
            "count": 10
        },
        "MoveToGoal.Environment.EpisodeLength.mean": {
            "value": 1999.0,
            "min": 321.8992805755396,
            "max": 1999.0,
            "count": 10
        },
        "MoveToGoal.Environment.EpisodeLength.sum": {
            "value": 47976.0,
            "min": 39023.0,
            "max": 52599.0,
            "count": 10
        },
        "MoveToGoal.Step.mean": {
            "value": 499987.0,
            "min": 49939.0,
            "max": 499987.0,
            "count": 10
        },
        "MoveToGoal.Step.sum": {
            "value": 499987.0,
            "min": 49939.0,
            "max": 499987.0,
            "count": 10
        },
        "MoveToGoal.Policy.ExtrinsicValueEstimate.mean": {
            "value": 0.07321756333112717,
            "min": 0.07321756333112717,
            "max": 0.6572728157043457,
            "count": 10
        },
        "MoveToGoal.Policy.ExtrinsicValueEstimate.sum": {
            "value": 58.57405090332031,
            "min": 58.57405090332031,
            "max": 528.4473266601562,
            "count": 10
        },
        "MoveToGoal.Environment.CumulativeReward.mean": {
            "value": 1.0,
            "min": -0.539568345323741,
            "max": 1.0,
            "count": 10
        },
        "MoveToGoal.Environment.CumulativeReward.sum": {
            "value": 24.0,
            "min": -75.0,
            "max": 24.0,
            "count": 10
        },
        "MoveToGoal.Policy.ExtrinsicReward.mean": {
            "value": 1.0,
            "min": -0.539568345323741,
            "max": 1.0,
            "count": 10
        },
        "MoveToGoal.Policy.ExtrinsicReward.sum": {
            "value": 24.0,
            "min": -75.0,
            "max": 24.0,
            "count": 10
        },
        "MoveToGoal.Losses.PolicyLoss.mean": {
            "value": 0.02461697304776559,
            "min": 0.02010029202249522,
            "max": 0.02653658695674191,
            "count": 10
        },
        "MoveToGoal.Losses.PolicyLoss.sum": {
            "value": 0.12308486523882796,
            "min": 0.1005014601124761,
            "max": 0.13268293478370954,
            "count": 10
        },
        "MoveToGoal.Losses.ValueLoss.mean": {
            "value": 0.003855245309726646,
            "min": 0.0028150562623826167,
            "max": 0.06918621979032955,
            "count": 10
        },
        "MoveToGoal.Losses.ValueLoss.sum": {
            "value": 0.01927622654863323,
            "min": 0.014075281311913084,
            "max": 0.2767448791613182,
            "count": 10
        },
        "MoveToGoal.Policy.LearningRate.mean": {
            "value": 1.5959254680280003e-05,
            "min": 1.5959254680280003e-05,
            "max": 0.00028457955514014997,
            "count": 10
        },
        "MoveToGoal.Policy.LearningRate.sum": {
            "value": 7.979627340140001e-05,
            "min": 7.979627340140001e-05,
            "max": 0.0012841188719603998,
            "count": 10
        },
        "MoveToGoal.Policy.Epsilon.mean": {
            "value": 0.10531972,
            "min": 0.10531972,
            "max": 0.19485984999999997,
            "count": 10
        },
        "MoveToGoal.Policy.Epsilon.sum": {
            "value": 0.5265986,
            "min": 0.49954719999999997,
            "max": 0.9280396000000002,
            "count": 10
        },
        "MoveToGoal.Policy.Beta.mean": {
            "value": 0.00027545402800000017,
            "min": 0.00027545402800000017,
            "max": 0.004743506515,
            "count": 10
        },
        "MoveToGoal.Policy.Beta.sum": {
            "value": 0.0013772701400000008,
            "min": 0.0013772701400000008,
            "max": 0.02140917604,
            "count": 10
        },
        "MoveToGoal.IsTraining.mean": {
            "value": 1.0,
            "min": 1.0,
            "max": 1.0,
            "count": 10
        },
        "MoveToGoal.IsTraining.sum": {
            "value": 1.0,
            "min": 1.0,
            "max": 1.0,
            "count": 10
        }
    },
    "metadata": {
        "timer_format_version": "0.1.0",
        "start_time_seconds": "1718068209",
        "python_version": "3.7.7 (tags/v3.7.7:d7c567b08f, Mar 10 2020, 10:41:24) [MSC v.1900 64 bit (AMD64)]",
        "command_line_arguments": "C:\\Users\\simon\\OneDrive\\Dokument\\GitHub\\ML Agents Jumpking\\venv\\Scripts\\mlagents-learn --initialize-from=S1 --run-id=S2",
        "mlagents_version": "0.29.0",
        "mlagents_envs_version": "0.29.0",
        "communication_protocol_version": "1.5.0",
        "pytorch_version": "1.13.1+cpu",
        "numpy_version": "1.21.2",
        "end_time_seconds": "1718068613"
    },
    "total": 403.40994209999997,
    "count": 1,
    "self": 0.007166399999960049,
    "children": {
        "run_training.setup": {
            "total": 0.10089420000000016,
            "count": 1,
            "self": 0.10089420000000016
        },
        "TrainerController.start_learning": {
            "total": 403.3018815,
            "count": 1,
            "self": 0.48262060000439533,
            "children": {
                "TrainerController._reset_env": {
                    "total": 7.3604155,
                    "count": 1,
                    "self": 7.3604155
                },
                "TrainerController.advance": {
                    "total": 395.4042719999956,
                    "count": 21184,
                    "self": 0.48237029999842207,
                    "children": {
                        "env_step": {
                            "total": 280.4981913999985,
                            "count": 21184,
                            "self": 251.06628599999928,
                            "children": {
                                "SubprocessEnvManager._take_step": {
                                    "total": 29.14604339999718,
                                    "count": 21184,
                                    "self": 1.3313474999965997,
                                    "children": {
                                        "TorchPolicy.evaluate": {
                                            "total": 27.81469590000058,
                                            "count": 20864,
                                            "self": 6.770028500002901,
                                            "children": {
                                                "TorchPolicy.sample_actions": {
                                                    "total": 21.044667399997678,
                                                    "count": 20864,
                                                    "self": 21.044667399997678
                                                }
                                            }
                                        }
                                    }
                                },
                                "workers": {
                                    "total": 0.2858620000020533,
                                    "count": 21184,
                                    "self": 0.0,
                                    "children": {
                                        "worker_root": {
                                            "total": 395.18990349999774,
                                            "count": 21184,
                                            "is_parallel": true,
                                            "self": 179.57475789999626,